{"cameraMode":{"drawMode":0,"name":"Shaded","section":"Shading Mode"},"sceneLighting":true,"audioPlay":false,"sceneViewState":{"m_AlwaysRefresh":false,"showFog":true,"showSkybox":true,"showFlares":true,"showImageEffects":true,"showParticleSystems":true,"showVisualEffectGraphs":true,"m_FxEnabled":true},"in2DMode":false,"pivot":{"x":4.1576642990112309,"y":0.28475040197372439,"z":3.0927305221557619},"rotation":{"x":-0.05704224109649658,"y":0.09119419008493424,"z":-0.0052116019651293758,"w":-0.994203507900238},"size":1.7925552129745484,"orthographic":true}